id;ma_noi_den;ten_noi_den;thu_tu_sx
1;Mount green Designer;Corner Shoes;program emulation Loan
2;Texas;feed;Junctions Account North
3;bypassing platforms;sensor card Dynamic;Metal
4;XML groupware SMTP;hack web-readiness Coordinator;IB Divide Administrator
5;services Future-proofed;Account Incredible Plastic;driver Usability
6;User;parse;Refined
7;Concrete Incredible Bedfordshire;User-friendly;whiteboard streamline sticky
8;initiatives hack;Awesome maroon;Chief
9;Gorgeous Technician;withdrawal online JSON;withdrawal
10;Cotton;Shirt even-keeled;Functionality digital Lead
